[
  {
    "id": "0ce4a85d-4a57-41d4-bbcf-99bf1010d0ca",
    "data": [
      {
        "text": "bitcoin",
        "meta": "@sys.ignore",
        "userDefined": false
      },
      {
        "text": " info",
        "userDefined": false
      }
    ],
    "isTemplate": false,
    "count": 0,
    "updated": 0
  },
  {
    "id": "b76e346d-cc25-4453-ac3e-03503590cda8",
    "data": [
      {
        "text": "talk to ",
        "userDefined": false
      },
      {
        "text": "bitcoin",
        "meta": "@sys.ignore",
        "userDefined": false
      },
      {
        "text": " info",
        "userDefined": false
      }
    ],
    "isTemplate": false,
    "count": 0,
    "updated": 0
  }
]