[
  {
    "id": "9678ec88-32ce-4b40-b6be-1a1e1d21ebc8",
    "data": [
      {
        "text": "precio",
        "userDefined": false
      }
    ],
    "isTemplate": false,
    "count": 0,
    "updated": 1522462373
  },
  {
    "id": "927a9780-1f3d-4afc-bc92-c69abc560d3c",
    "data": [
      {
        "text": "cual es el precio del bitcoin?",
        "userDefined": false
      }
    ],
    "isTemplate": false,
    "count": 0,
    "updated": 1522462373
  },
  {
    "id": "a1d89e1d-7a68-41bb-8233-b316979d46a2",
    "data": [
      {
        "text": "cual es el precio del bitcoin in MXP?",
        "userDefined": false
      }
    ],
    "isTemplate": false,
    "count": 0,
    "updated": 1522462373
  },
  {
    "id": "80b498ad-1309-4e52-869e-b13d1ff9c3c0",
    "data": [
      {
        "text": "precio del bitcoin",
        "userDefined": false
      }
    ],
    "isTemplate": false,
    "count": 0,
    "updated": 1522462373
  },
  {
    "id": "3be9b11e-65bd-4cef-89fa-dbfc2c0bce5c",
    "data": [
      {
        "text": "bitcoin",
        "meta": "@sys.ignore",
        "userDefined": false
      },
      {
        "text": " price",
        "userDefined": false
      }
    ],
    "isTemplate": false,
    "count": 0,
    "updated": 0
  },
  {
    "id": "1a9b7820-bda4-4b5e-8700-36450fd4846f",
    "data": [
      {
        "text": "what is the price of ",
        "userDefined": false
      },
      {
        "text": "bitcoin",
        "meta": "@sys.ignore",
        "userDefined": false
      },
      {
        "text": " in ",
        "userDefined": false
      },
      {
        "text": "USD",
        "meta": "@sys.ignore",
        "userDefined": false
      },
      {
        "text": "?",
        "userDefined": false
      }
    ],
    "isTemplate": false,
    "count": 0,
    "updated": 0
  },
  {
    "id": "53c3e4eb-b7a3-46be-b2bb-d097c40c4667",
    "data": [
      {
        "text": "price",
        "userDefined": false
      }
    ],
    "isTemplate": false,
    "count": 0,
    "updated": 0
  },
  {
    "id": "5e62c101-68db-41d9-a3c0-e428106a9d42",
    "data": [
      {
        "text": "what is the price of ",
        "userDefined": false
      },
      {
        "text": "bitcoin",
        "meta": "@sys.ignore",
        "userDefined": false
      }
    ],
    "isTemplate": false,
    "count": 0,
    "updated": 0
  }
]