[
  {
    "id": "3780fbcf-b8c4-45d8-a555-1f849678e7a4",
    "data": [
      {
        "text": "that\u0027s it",
        "userDefined": false
      }
    ],
    "isTemplate": false,
    "count": 0,
    "updated": 0
  },
  {
    "id": "f8d2feb4-f69a-434b-b6ea-b1b1c7c4ec98",
    "data": [
      {
        "text": "nothing",
        "userDefined": false
      }
    ],
    "isTemplate": false,
    "count": 0,
    "updated": 0
  },
  {
    "id": "d0699ac8-3346-4d14-acb5-7f85480db32d",
    "data": [
      {
        "text": "talk to you later",
        "userDefined": false
      }
    ],
    "isTemplate": false,
    "count": 0,
    "updated": 0
  },
  {
    "id": "9f8049d2-61bf-4c86-847c-54e88118e550",
    "data": [
      {
        "text": "ttyl",
        "userDefined": false
      }
    ],
    "isTemplate": false,
    "count": 0,
    "updated": 0
  },
  {
    "id": "b3f791ae-ab93-42bb-bc1b-ea3ebeb37302",
    "data": [
      {
        "text": "bye bye",
        "userDefined": false
      }
    ],
    "isTemplate": false,
    "count": 0,
    "updated": 0
  },
  {
    "id": "bfafbd07-6e46-4706-9aa0-465484b5c45d",
    "data": [
      {
        "text": "thank you",
        "userDefined": false
      }
    ],
    "isTemplate": false,
    "count": 0,
    "updated": 0
  },
  {
    "id": "0312c409-1d6c-4a01-908c-53bf7884eca2",
    "data": [
      {
        "text": "see you later",
        "userDefined": false
      }
    ],
    "isTemplate": false,
    "count": 0,
    "updated": 0
  },
  {
    "id": "20a9d055-7a34-4669-8013-b050e4a2f63d",
    "data": [
      {
        "text": "bye",
        "userDefined": false
      }
    ],
    "isTemplate": false,
    "count": 0,
    "updated": 0
  },
  {
    "id": "038ba47c-a355-4ec1-a5fc-f1b4f81fd60c",
    "data": [
      {
        "text": "quit",
        "userDefined": false
      }
    ],
    "isTemplate": false,
    "count": 0,
    "updated": 0
  }
]