[
  {
    "id": "5d6efddc-efa8-420c-81b7-91ff0ebb744a",
    "data": [
      {
        "text": "what is the number of ",
        "userDefined": false
      },
      {
        "text": "bitcoins",
        "meta": "@sys.ignore",
        "userDefined": false
      },
      {
        "text": " in the world?",
        "userDefined": false
      }
    ],
    "isTemplate": false,
    "count": 0,
    "updated": 0
  },
  {
    "id": "73952d89-3299-40af-ae91-703d8cac475d",
    "data": [
      {
        "text": "total",
        "userDefined": false
      }
    ],
    "isTemplate": false,
    "count": 0,
    "updated": 0
  },
  {
    "id": "ae170836-9987-4198-94c1-9ad919efd8f9",
    "data": [
      {
        "text": "total amount of ",
        "userDefined": false
      },
      {
        "text": "bitcoins",
        "meta": "@sys.ignore",
        "userDefined": false
      }
    ],
    "isTemplate": false,
    "count": 0,
    "updated": 0
  },
  {
    "id": "6cd0cb2b-34b7-4b12-8633-138ce923447a",
    "data": [
      {
        "text": "how many?",
        "userDefined": false
      }
    ],
    "isTemplate": false,
    "count": 0,
    "updated": 0
  },
  {
    "id": "e8fed45a-821f-4003-bc4f-6313870c8f65",
    "data": [
      {
        "text": "how many ",
        "userDefined": false
      },
      {
        "text": "bitcoins",
        "meta": "@sys.ignore",
        "userDefined": false
      },
      {
        "text": " in the world?",
        "userDefined": false
      }
    ],
    "isTemplate": false,
    "count": 0,
    "updated": 0
  }
]